店舗コード,小分類コード,クラスコード,商品コード,商品名,レジ名,カナ名,規格,税コード,税タイプ,標準小売価格,売価(税抜き),売価(税込み),メーカー名,カテゴリコード
1,1506,150601,22400000,冷食,冷食,,,0,1,0,,0,,
1,1501,150101,45228566488,ディナースペアリブBBQソース味,ディナースペアリブBBQソース,,,0,1,0,,1674,,
1,1502,150201,875280000633,おめん　野菜うどん,おめん　野菜うどん,,,0,1,0,,398,,
1,1502,150205,875280000800,おめん新玉ねぎと雑穀団子のスープ,おめん新玉ねぎと雑穀団子のス,,,0,1,0,,720,,
1,1502,999999,875280000817,おめんこく旨のマッシュルームスープ,おめんこく旨のマッシュルーム,,,0,1,0,,690,,
1,1502,150205,875280000824,京生麩とかぼちゃのごま豆乳,京生麩とかぼちゃのごま豆乳,,,0,1,0,,690,,
1,1502,150205,875280000831,はんなり豚の京風サンラータン,はんなり豚の京風サンラータン,,,0,1,0,,720,,
1,1501,150110,875280000848,雑穀米入り冷や汁,雑穀米入り冷や汁,,,0,1,0,,610,,
1,1502,150205,875280000855,丹波黒どりの炙り鶏南蛮スープ,丹波黒どりの炙り鶏南蛮スープ,,,0,1,0,,720,,0
1,1502,150202,875280000862,お 京生麩はんなり豚スープ,お 京生麩はんなり豚スープ,,,0,1,0,,720,,
1,1502,150202,875280000879,お　雑穀米入り和風参鶏湯,お　雑穀米入り和風参鶏湯,,,0,1,0,,690,,
1,1502,150202,875280000886,京三味スープ　うどん入り,京三味スープ　うどん入り,,,0,1,0,,720,,
1,1502,150205,875280000909,春の香り山菜のスープ,春の香り山菜のスープ,,,0,1,0,,610,,
1,1502,150205,875280000992,かけだしとうどんだけ,かけだしとうどんだけ,,,0,1,0,,491,,0
1,1502,150202,875280001005,京の白味噌仕立て,京の白味噌仕立て,,,0,1,0,,540,,0
1,1502,150202,875280001012,聖護院蕪みぞれあんかけ,聖護院蕪みぞれあんかけ,,,0,1,0,,720,,
1,1502,150202,875280001029,スープうどんごぼう,スープうどんごぼう,,,0,1,0,,610,,
1,1502,150202,875280001036,スープうどんきのこ,スープうどんきのこ,,,0,1,0,,530,,
1,1502,150202,875280001043,スープうどんカレー,スープうどんカレー,,,0,1,0,,650,,0
1,1502,150202,875280001050,スープうどん京たぬき,スープうどん京たぬき,,,0,1,0,,650,,0
1,1502,150201,875280001067,九条ネギと国産牛のしぐれ煮,九条ネギと国産牛のしぐれ煮,,,0,1,0,,690,,
1,1502,150201,875280001074,京生麩とカボチャのごま豆乳,京生麩とカボチャのごま豆乳,,,0,1,0,,540,,
1,1502,150202,875280001081,おめん蕪と白味噌ポタージュ,おめん蕪と白味噌ポタージュ,,,0,1,0,,530,,
1,1501,150110,875280001098,京都酒蔵仕込みの粕汁,京都酒蔵仕込みの粕汁,,,0,1,0,,640,,0
1,1501,150110,875280001104,雑穀と九条ねぎのポタージュ,雑穀と九条ねぎのポタージュ,,,0,1,0,,690,,0
1,1501,150110,875280001111,京都大原産菊芋のポタージュ,京都大原産菊芋のポタージュ,,,0,1,0,,610,,
1,1502,150202,875280001173,団鸞京づくしうどん,団鸞京づくしうどん,,,0,1,0,,1060,,
1,1502,150202,875280001197,団鸞おめん極生麺,団鸞おめん極生麺,,,0,1,0,,920,,0
1,1502,150202,875280001210,スープうどん５食箱入,スープうどん５食箱入,,,0,1,0,,2500,,
1,1502,150202,875280001302,団欒おめん2食セット,団欒おめん2食セット,,,0,1,0,,1350,,
1,1506,150601,3576280811911,ｴｽｶﾙｺﾞﾊﾞﾀｰ詰め,ｴｽｶﾙｺﾞﾊﾞﾀｰ詰め,,,0,1,0,,1015,,
1,1501,150110,4514511102208,エスカルゴ,エスカルゴ,,,0,1,0,,1296,,0
1,1503,150304,4520850030416,パプア殻付２００ｇミックス,パプア殻付２００ｇミックス,,,0,1,0,,955,,
1,1503,150304,4520850030423,パプアむきえび１２０ｇ,パプアむきえび１２０ｇ,,,0,1,0,,795,,
1,1501,150102,4520878600141,ア　焼チーズカレー,ア　焼チーズカレー,,,0,1,0,,864,,
1,1501,150108,4533817100114,アシヤ　ビ－フコロッケ,アシヤ　ビ－フコロッケ,,,0,1,0,,497,,
1,1501,150109,4533817100404,ミンチカツ,ミンチカツ,,,0,1,0,,713,,
1,1501,150107,4533817100985,豚玉お好み焼き,豚玉お好み焼き,,,0,1,0,,800,,
1,1501,150107,4533817100992,もちチーズお好み焼き,もちチーズお好み焼き,ｲﾄｰﾔ ｵｺﾉﾐﾔｷﾓﾁﾁｰｽﾞ 200GX2,２００ｇ×２,0,1,0,,854,イトー屋,
1,1501,150108,4533817101029,イトー屋　芦屋コロッケ但馬牛　８０ｇ×４,イトー屋　芦屋コロッケ但馬牛,ｲﾄｰﾔ ｱｼｱｺﾛﾂｹﾀｼﾞﾏｷﾞﾕｳ80gX4,８０ｇ×４個,0,1,0,,648,イトー屋,0
1,1501,150108,4533817101050,芦屋牛すじコロッケ,芦屋牛すじコロッケ,,,0,1,0,,670,,
1,1501,150107,4533817101173,伊東屋たこ焼き,伊東屋たこ焼き,,,0,1,0,,778,,
1,1501,150108,4533817101401,山椒コロッケ,山椒コロッケ,,,0,1,0,,648,,
1,1501,150101,4534695260006,山神　ほたてフライ　２０個,山神　ほたてフライ　２０個,ﾔﾏｼﾞﾝ ﾎﾀﾃﾌﾗｲ 20ｺ,２０個,0,1,0,,1599,山神,
1,1506,150601,4536045084423,ﾁｰｽﾞﾊﾟﾝﾎﾟﾝﾃﾞｹｰｼﾞｮ,ﾁｰｽﾞﾊﾟﾝﾎﾟﾝﾃﾞｹｰｼﾞｮ,,,0,1,0,,430,,
1,1504,150401,4541976001005,純氷,純氷,,,0,1,0,,265,,0
1,1501,150104,4560225861016,まっちゃんの黒豚餃子,まっちゃんの黒豚餃子,,,0,1,0,,653,,0
1,1501,150103,4560323320019,リ　綾ほうれん草ラビオリ,リ　綾ほうれん草ラビオリ,,,0,1,0,,1038,,
1,1501,150103,4560323320026,リ　トマトのラビオリ,リ　トマトのラビオリ,,,0,1,0,,1038,,
1,1501,150103,4560323320040,リ　ラザニア綾豚キノコ,リ　ラザニア綾豚キノコ,,,0,1,0,,863,,
1,1502,150203,4560323320064,リ　幅広パスタ　ペペロンチーノ,リ　幅広パスタ　ペペロンチー,,,0,1,0,,862,,
1,1502,150203,4560323320095,リ　幅広パスタ豆乳＆ソーセージ,リ　幅広パスタ豆乳＆ソーセー,,,0,1,0,,862,,
1,1502,150203,4560323320101,リ　幅広パスタトマト＆チーズ,リ　幅広パスタトマト＆チーズ,,,0,1,0,,862,,
1,1502,150203,4560323320118,幅広パスタ　綾豚ミートソース,幅広パスタ　綾豚ミートソース,,,0,1,0,,862,,
1,1501,150103,4560323320156,リ　ピザ綾キノコ,リ　ピザ綾キノコ,,,0,1,0,,662,,
1,1501,150103,4560323320163,リ　ピザ綾バジルマルゲリータ,リ　ピザ綾バジルマルゲリータ,,,0,1,0,,662,,
1,1501,150110,4560323320170,リ　ピザ綾バジル＆チーズ,リ　ピザ綾バジル＆チーズ,,,0,1,0,,662,,
1,1501,150103,4560323320194,リ　ピザ綾ほうれん草,リ　ピザ綾ほうれん草,,,0,1,0,,662,,
1,1501,150103,4560323320217,リ　ピザ綾ナス,リ　ピザ綾ナス,,６個,0,1,0,,662,クッチーナ・リナルド,
1,1501,150103,4560323320255,リ　ピザ　ピッツアナポリ,リ　ピザ　ピッツアナポリ,,,0,1,0,,662,,
1,1501,150110,4560323320316,リ　米粉ケーキ　綾日向夏,リ　米粉ケーキ　綾日向夏,,５個,0,1,0,,1050,クッチーナ・リナルド,
1,1501,150110,4560323320323,リ　米粉ケーキ綾ブルーベリー,リ　米粉ケーキ綾ブルーベリー,,,0,1,0,,1050,,
1,1501,150110,4560323320330,リ　米粉ケーキ　綾栗クリーム,リ　米粉ケーキ　綾栗クリーム,,,0,1,0,,1050,,
1,1501,150110,4562113342126,冷凍うなぎおにぎり,冷凍うなぎおにぎり,,,0,1,0,,2700,,
1,1501,150101,4562123397079,畑のから揚げとりから風,畑のから揚げとりから風,,,0,1,0,,680,,
1,1501,150108,4562123397093,豆乳クリームコロッケ(プレマ),豆乳クリームコロッケ(プレマ),,,0,1,0,,792,,
1,1501,150109,4562123399028,穀物と野菜の白身魚風フライ,穀物と野菜の白身魚風フライ,,,0,1,0,,1615,,
1,1504,150402,4562204070013,日光　天然の氷,日光　天然の氷,,,0,1,0,,1853,,0
1,1501,150103,4562208560602,ブッファラマルゲリータ,ブッファラマルゲリータ,,,0,1,0,,1059,,
1,1501,150103,4562208560657,カプリチョーザ,カプリチョーザ,,,0,1,0,,1059,,
1,1501,150101,4562208565003,モリタ屋ダニエルズスペアリブ,モリタ屋ダニエルズスペアリブ,,,0,1,0,,1383,,
1,1501,150101,4562208565010,とろーりチーズのミートソースラザーニャ,とろーりチーズのミートソース,,,0,1,0,,951,,
1,1501,150101,4562208565027,海老とマッシュルームのアヒージョ,海老とマッシュルームのアヒー,,,0,1,0,,918,,0
1,1501,150101,4562208565034,京赤地鶏と京都産こしひかりのティエッラ,京赤地鶏と京都産こしひかりの,,,0,1,0,,1599,,
1,1501,150110,4562208565041,サルシッチャと丹波しめじのトマトクリームソース,サルシッチャと丹波しめじのト,,,0,1,0,,994,,
1,1501,150110,4562208565058,貝柱と京野菜のペペロンチーノ,貝柱と京野菜のペペロンチーノ,,,0,1,0,,929,,
1,1501,150110,4562208565065,生ハムと十種野菜のオルトラーナ,生ハムと十種野菜のオルトラー,,,0,1,0,,886,,
1,1501,150110,4562208565102,コーンポタージュ,コーンポタージュ,,,0,1,0,,540,,
1,1501,150110,4562208565119,あさりのクラムチャウダー,あさりのクラムチャウダー,,,0,1,0,,627,,
1,1501,150110,4562208565126,ミネストローネ,ミネストローネ,,,0,1,0,,486,,
1,1501,150110,4562208565133,サルシッチャとキャベツのスープ,サルシッチャとキャベツのスー,,,0,1,0,,584,,
1,1501,150110,4562208565140,オマール海老のビスク,オマール海老のビスク,,,0,1,0,,735,,
1,1501,150103,4562208565720,賀茂茄子のボロネーゼピッツァ,賀茂茄子のボロネーゼピッツァ,,,0,1,0,,1404,,
1,1501,150103,4562208565737,えびと万願寺唐辛子のピッツァ,えびと万願寺唐辛子のピッツァ,,,0,1,0,,1404,,
1,1501,150103,4562208565744,九条ネギのカプリチョーザ,九条ネギのカプリチョーザ,,,0,1,0,,1242,,
1,1501,150101,4562208566482,ディナースペアリブＢＢＱソース　５００ｇ,ディナースペアリブＢＢＱソー,ﾃﾞｲﾅ-ｽﾍﾟｱﾘﾌﾞBBQｿ-ｽ 500G,５００ｇ,0,1,0,,1674,グラマラスフード,
1,1501,150103,4562208566949,瀬戸内レモンとチキンのナポリピッツァ,瀬戸内レモンとチキンのナポリ,,,0,1,0,,1383,,
1,1501,150101,4562208566956,海老とズッキーニ　とうもろこしのチーズリゾット,海老とズッキーニ　とうもろこ,,,0,1,0,,890,,
1,1501,150103,4562208566963,賀茂茄子と万願寺　キーマカレーのピッツァ,賀茂茄子と万願寺　キーマカレ,,,0,1,0,,899,,
1,1506,150601,4562350951396,なかほら牧場フィナンシェ,なかほら牧場フィナンシェ,,,0,1,0,,378,,
1,1506,150601,4562350956049,グラスフェッドカレー(中辛),グラスフェッドカレー(中辛),,,0,1,0,,1100,,
1,1506,150601,4562350956063,煮込みハンバーグ,煮込みハンバーグ,,,0,1,0,,1200,,
1,1506,150601,4562350956094,グラスフェッドカレー(甘口),グラスフェッドカレー(甘口),,,0,1,0,,1100,,
1,1506,150601,4562350956162,基本のミートソース,基本のミートソース,,,0,1,0,,1040,,
1,1506,150601,4562350956216,ミルククリーム　キャラメル,ミルククリーム　キャラメル,,,0,1,0,,1188,,
1,1506,150601,4562350956223,ミルククリーム　カフェショコラ,ミルククリーム　カフェショコ,,,0,1,0,,1188,,
1,1501,150106,4570118570017,フーズパレット　海老のチリソース　１５０ｇ,フーズパレット　海老のチリソ,ﾌ-ｽﾞﾊﾟﾚﾂﾄ ｴﾋﾞﾉﾁﾘｿ-ｽ 150G,１５０ｇ,0,1,780,,843,フーズパレット,
1,1501,150106,4570118570024,黒豚の酢豚　１５０ｇ,黒豚の酢豚　１５０ｇ,ｸﾛﾌﾞﾀﾉｽﾌﾞﾀ 150G,１５０ｇ,0,1,680,,734,フーズパレット,
1,1501,150106,4570118570031,フーズパレット　具だくさん八宝菜　１７０ｇ,フーズパレット　具だくさん八,ｸﾞﾀﾞｸｻﾝﾊﾂﾎﾟｳｻｲ 170G,１７０ｇ,0,1,680,,734,フーズパレット,
1,1501,150106,4570118570048,鶏と九条葱のカシューナッツ炒め　１５０ｇ,鶏と九条葱のカシューナッツ炒,ﾄﾘﾄｸｼﾞﾖｳﾈｷﾞｶｼﾕ-ﾅﾂﾂｲﾀﾒ150G,１５０ｇ,0,1,680,,735,フーズパレット,
1,1501,150106,4570118570055,四 ふんわりかに玉　,四　ふんわりかに玉　, ﾌﾝﾜﾘｶﾆﾀﾏ ,１８５ｇ,0,1,580,,626,フーズパレット,
1,1501,150106,4570118570352,フーズパレット　金華豚の青椒肉絲　１５０ｇ,フーズパレット　金華豚の青椒,ﾌ-ｽﾞP ｷﾝｶﾄﾝﾉﾁﾝｼﾞﾔｵﾛ-ｽ150G,１５０ｇ,0,1,680,,734,フーズパレット,
1,1501,150106,4570118570420,フーズパレット　四陸漢源花椒の麻婆豆腐　１８０ｇ,フーズパレット　四陸漢源花椒,ｶﾝｹﾞﾝﾎﾜｼﾞﾔｵﾉﾏ-ﾎﾞ-ﾄﾞｳﾌ180G,１８０ｇ,0,1,680,,734,フーズパレット,
1,1501,150101,4570118570536,みかわ豚の紅焼肉,みかわ豚の紅焼肉,,,0,1,0,,972,,
1,1501,150101,4570118570826,金華豚の酢豚,金華豚の酢豚,,,0,1,0,,885,,
1,1501,150106,4570118571090,四　飲み干したくなる担々&#40629;,四　飲み干したくなる担々麺,,,0,1,0,,1188,,
1,1501,150106,4570118571106,四　飲み干したくなる鶏白湯麺,四　飲み干したくなる鶏白湯麺,,,0,1,0,,1188,,
1,1502,150202,4570118571335,四　麻辣和牛肉麺,四　麻辣和牛肉麺,,,0,1,0,,1404,,
1,1506,150601,4571137961398,ﾌﾟﾘﾌﾟﾘ海老しゅうぼう,ﾌﾟﾘﾌﾟﾘ海老しゅうぼう,,,0,1,0,,1350,,
1,1501,150104,4571137962012,プリプリ海老しゅうぼう,プリプリ海老しゅうぼう,,,0,1,0,,1350,,
1,1501,150106,4571137962128,香港黒豚焼売,香港黒豚焼売,,,0,1,0,,1080,,
1,1501,150106,4571137962135,香港海老焼売,香港海老焼売,,,0,1,0,,1512,,
1,1501,150104,4571225860015,PB水餃子,PB水餃子,,,0,1,0,,2108,,0
1,1501,150106,4571225860251,ショーロンポ,ショーロンポ,,,0,1,0,,1300,,0
1,1505,150501,4571225861241,中華ちまき,中華ちまき,,,0,1,0,,1186,,0
1,1501,150110,4571262787009,ふくらむ魔法のクロワッサン,ふくらむ魔法のクロワッサン,,,0,1,0,,682,,
1,1501,150106,4571346480017,新福菜館炒飯,新福菜館炒飯,,,0,1,0,,432,,
1,1502,150205,4571346480222,新福菜館中華そば,新福菜館中華そば,,,0,1,0,,432,,
1,1501,150102,4571346480598,新福菜館炒飯,新福菜館炒飯,,,0,1,0,,513,,0
1,1501,150102,4571346480604,北極星オムライス,北極星オムライス,,,0,1,0,,816,,0
1,1501,150101,4571526240011,ゴロゴロ野菜のトマト煮込みスープ,ゴロゴロ野菜のトマト煮込みス,,,0,1,0,,520,,
1,1501,150101,4571526240028,トマトと野菜のハンバーグスープ,トマトと野菜のハンバーグスー,,,0,1,0,,520,,
1,1501,150101,4571526240035,コクと旨味のブイヤベース風スープ,コクと旨味のブイヤベース風ス,,,0,1,0,,520,,
1,1501,150101,4571526240042,どっさりきのこのクリームスープ,どっさりきのこのクリームスー,,,0,1,0,,520,,
1,1501,150101,4571526240059,鮭と野菜のクリームスープ,鮭と野菜のクリームスープ,,,0,1,0,,520,,
1,1501,150101,4571526240066,レモン香る鶏と野菜のクリームスープ,レモン香る鶏と野菜のクリーム,,,0,1,0,,520,,
1,1501,150101,4571526240073,肉だんごと大根のみぞれ汁,肉だんごと大根のみぞれ汁,,,0,1,0,,520,,
1,1501,150101,4571526240080,甘醤油で仕上げたスープ肉じゃが,甘醤油で仕上げたスープ肉じゃ,,,0,1,0,,520,,
1,1501,150101,4571526240097,ソーセージと大きめ野菜のポトフ,ソーセージと大きめ野菜のポト,,,0,1,0,,520,,
1,1501,150101,4571526240219,焼さばとナスの出汁香るトマトスープ,焼さばとナスの出汁香るトマト,,,0,1,0,,780,,
1,1501,150101,4571526240226,白味噌仕立ての京都風クリームシチュー,白味噌仕立ての京都風クリーム,,,0,1,0,,780,,
1,1501,150101,4571526240233,京都産地鶏と塩麹の煮込みパイタン,京都産地鶏と塩麹の煮込みパイ,,,0,1,0,,780,,
1,1501,150101,4571526240240,蛸とホタテのあっさり出汁スープ,蛸とホタテのあっさり出汁スー,,,0,1,0,,780,,
1,1501,150101,4571526240257,こまごま野菜と胡麻のスープ,こまごま野菜と胡麻のスープ,,,0,1,0,,780,,
1,1501,150101,4571526240264,京都風牛スジ出汁カレースープ,京都風牛スジ出汁カレースープ,,,0,1,0,,780,,
1,1501,150110,4571526240318,160マロンクリームチーズケーキ,160マロンクリームチーズケー,,,0,1,0,,520,,
1,1501,150110,4571526240325,180マロンクリームチーズケーキ,180マロンクリームチーズケー,,,0,1,0,,520,,
1,1501,150110,4571526240332,200マロンクリームチーズケーキ,200マロンクリームチーズケー,,,0,1,0,,520,,
1,1501,150101,4571526240516,里芋とチーズのカレースープ,里芋とチーズのカレースープ,,,0,1,0,,820,,
1,1501,150101,4571526240523,京地鶏と山椒のカレースープ,京地鶏と山椒のカレースープ,,,0,1,0,,820,,
1,1501,150101,4571526240530,京都産ハバネロのカレースープ,京都産ハバネロのカレースープ,,,0,1,0,,820,,
1,1501,150101,4571526240615,チ　お餅屋さんのお雑煮,チ　お餅屋さんのお雑煮,,,0,1,0,,1000,,
1,1501,150101,4571526240622,鳴海餅やまぶき雑煮ちゃんとミール,鳴海餅やまぶき雑煮ちゃんとミ,,,0,1,0,,780,,
1,1501,150101,4571526240639,鳴海餅べに雑煮ちゃんとミール,鳴海餅べに雑煮ちゃんとミール,,,0,1,0,,780,,
1,1501,150101,4571526240707,山椒香る牛かき玉スープ,山椒香る牛かき玉スープ,,,0,1,0,,520,,
1,1501,150101,4571526240714,煮込みハンバーグのトマトデミスープ,煮込みハンバーグのトマトデミ,,,0,1,0,,580,,0
1,1501,150101,4571526240721,じっくり煮込んだ７種野菜のトマトスープ,じっくり煮込んだ７種野菜のト,,,0,1,0,,580,,
1,1501,150101,4571526240738,海老と帆立のブイヤベース仕立てスープ,海老と帆立のブイヤベース仕立,,,0,1,0,,580,,0
1,1501,150101,4571526240745,どっさりきのこのクリームスープ,どっさりきのこのクリームスー,,,0,1,0,,580,,0
1,1501,150101,4571526240752,鮭と野菜の和風クリームスープ,鮭と野菜の和風クリームスープ,,,0,1,0,,520,,
1,1501,150101,4571526240769,レモン香る鶏と野菜のクリームスープ,レモン香る鶏と野菜のクリーム,,,0,1,0,,520,,
1,1501,150101,4571526240776,肉だんごと大根のみぞれスープ,肉だんごと大根のみぞれスープ,,,0,1,0,,580,,0
1,1501,150101,4571526240783,山椒香る牛かき玉スープ,山椒香る牛かき玉スープ,,,0,1,0,,520,,
1,1501,150101,4571526240790,こだわりソーセージと５種野菜のポトフ,こだわりソーセージと５種野菜,,,0,1,0,,580,,0
1,1501,150101,4571526240912,サフランライス(ちゃんとミール),サフランライス(ちゃんとミー,,,0,1,0,,290,,
1,1501,150101,4571526241018,鱧のブイヤベース仕立てスープ,鱧のブイヤベース仕立てスープ,,,0,1,0,,1250,,
1,1501,150101,4571526241025,鱧の卵とじ餡かけスープ,鱧の卵とじ餡かけスープ,,,0,1,0,,680,,
1,1501,150101,4571526241032,鱧の出汁香るトマトスープ,鱧の出汁香るトマトスープ,,,0,1,0,,680,,
1,1501,150101,4571526241070,万願寺とうがらしとローストポークのトマト煮込みスープ,万願寺とうがらしとローストポ,,,0,1,0,,680,,
1,1501,150101,4571526241087,ハンバーグの和風あんかけスープ,ハンバーグの和風あんかけスー,,,0,1,0,,680,,
1,1501,150101,4571526241094,蒸し鶏の中華かき玉スープ,蒸し鶏の中華かき玉スープ,,,0,1,0,,680,,
1,1501,150101,4571526241117,桜香る鯛のトマト出汁スープ,桜香る鯛のトマト出汁スープ,,,0,1,0,,780,,
1,1501,150101,4571526241124,鱧と淡路産玉ねぎのとろーり出汁スープ,鱧と淡路産玉ねぎのとろーり出,,,0,1,0,,780,,
1,1501,150101,4571526241131,種子島安納芋と黒糖の冷製スープ,種子島安納芋と黒糖の冷製スー,,,0,1,0,,920,,0
1,1501,150101,4571526241148,お餅屋さんのおぜんざい,お餅屋さんのおぜんざい,,,0,1,0,,1000,,
1,1501,150110,4571526241162,冷製スープ　とうもろこし,冷製スープ　とうもろこし,,,0,1,0,,580,,
1,1501,150110,4571526241179,冷製スープ　紅はるか,冷製スープ　紅はるか,,,0,1,0,,580,,
1,1501,150110,4571526241186,冷製スープ　京人参,冷製スープ　京人参,,,0,1,0,,580,,
1,1501,150101,4571526241513,5種野菜とハンバーグのトマトシチュー,5種野菜とハンバーグのトマト,,,0,1,0,,820,,
1,1501,150101,4571526241520,8種野菜のラタトゥイユ,8種野菜のラタトゥイユ,,,0,1,0,,780,,
1,1503,150304,4571526241537,魚介のブイヤベース,魚介のブイヤベース,,,0,1,0,,780,,
1,1501,150101,4571526241551,チ　焼き鮭と白菜のクリーム煮,チ　焼き鮭と白菜のクリーム煮,,,0,1,0,,780,,
1,1501,150101,4571526241568,チ　チキンフリカッセクリーム煮,チ　チキンフリカッセクリーム,,,0,1,0,,780,,
1,1501,150101,4571526241575,鶏団子とニラのスタミナなべ,鶏団子とニラのスタミナなべ,,,0,1,0,,780,,
1,1501,150101,4571526241582,山椒香る牛とき卵,山椒香る牛とき卵,,,0,1,0,,780,,
1,1503,150304,4571526241599,鯛の和風アクアパッツァ,鯛の和風アクアパッツァ,,,0,1,0,,780,,
1,1501,150101,4571526241605,チ　鶏と里芋の白味噌クリームシチュー,チ　鶏と里芋の白味噌クリーム,,,0,1,0,,820,,
1,1503,150304,4571526241612,しそ香る蛸と帆立のお吸い物,しそ香る蛸と帆立のお吸い物,,,0,1,0,,820,,
1,1501,150101,4571526241629,10種野菜としょうがの彩り椀,10種野菜としょうがの彩り椀,,,0,1,0,,780,,
1,1503,150304,4571526241636,京風牛すじカレー煮込み,京風牛すじカレー煮込み,,,0,1,0,,780,,
1,1501,150101,4571526241643,フュメドポトフ,フュメドポトフ,,,0,1,0,,780,,
1,1503,150304,4571526241650,3種きのことハンバーグのみぞれあんかけ,3種きのことハンバーグのみぞ,,,0,1,0,,780,,
1,1501,150101,4571526241667,チ　グリーンカレー,チ　グリーンカレー,,,0,1,0,,780,,
1,1501,150101,4571526241674,マッサマンカレー　ミ,マッサマンカレー　ミ,,,0,1,0,,780,,
1,1501,150101,4571526241681,ちゃんとミール　ガパオライス,ちゃんとミール　ガパオライス,,,0,1,0,,780,,
1,1502,150202,4571526241698,トムヤムクンラーメン　ミ,トムヤムクンラーメン　ミ,,,0,1,0,,780,,
1,1501,150103,4573128560054,極マルゲリータ,極マルゲリータ,,,0,1,0,,893,,
1,1501,150103,4573128560061,海鮮トマトバジル,海鮮トマトバジル,,,0,1,0,,898,,
1,1501,150103,4573128560115,厳選7種のプレミアムチーズ,厳選7種のプレミアムチーズ,,,0,1,0,,951,,
1,1501,150103,4573128560122,ＲＥＶＯのアメリカーナ,ＲＥＶＯのアメリカーナ,ﾋﾟｻﾞﾚﾎﾞ REVOﾉｱﾒﾘｶ-ﾅ,,0,1,0,,951,ＷＡＩＰＥＲ,
1,1501,150103,4573128560153,九州産華味鳥のマリナーラ,九州産華味鳥のマリナーラ,ﾋﾟｻﾞﾚﾎﾞ ｷﾕｳｼﾕｳﾊﾅﾐﾄﾞﾘﾏﾘﾅ-ﾗ,,0,1,0,,843,ＷＡＩＰＥＲ,
1,1501,150103,4573128560160,博多なごみの鮭明太,博多なごみの鮭明太,ﾋﾟｻﾞﾚﾎﾞ ﾊｶﾀﾅｺﾞﾐﾉｻｹﾒﾝﾀｲ,,0,1,0,,994,ＷＡＩＰＥＲ,
1,1501,150103,4573128560177,特製旨辛ダレの黒毛和牛ピザ,特製旨辛ダレの黒毛和牛ピザ,ﾄｸｾｲｳﾏｶﾗﾀﾞﾚﾉｸﾛｹﾞﾜｷﾞﾕｳﾋﾟｻﾞ,,0,1,0,,1706,ＷＡＩＰＥＲ,
1,1501,150103,4573128560184,佐賀七山　燻やコラボ　生ベーコンピッツァ,佐賀七山　燻やコラボ　生ベー,ｻｶﾞﾅﾅﾔﾏ ｸﾝﾔ ﾅﾏﾍﾞ-ｺﾝﾋﾟﾂﾂｱ,,0,1,0,,1058,ＷＡＩＰＥＲ,
1,1501,150103,4573128560191,マシュマロ　ニューヨーカー,マシュマロ　ニューヨーカー,ﾋﾟｻﾞﾚﾎﾞ ﾏｼﾕﾏﾛ ﾆﾕ-ﾖ-ｶ-,,0,1,0,,994,ＷＡＩＰＥＲ,
1,1501,150103,4573128560207,超極マルゲリータ,超極マルゲリータ,,,0,1,0,,994,,
1,1501,150103,4573128560221,カルボナーラ,カルボナーラ,ﾋﾟｻﾞﾚﾎﾞ ｶﾙﾎﾞﾅ-ﾗ,,0,1,0,,843,ＷＡＩＰＥＲ,
1,1501,150103,4573128560245,静岡県産１本釣りマグロのツナマヨと彩野菜,静岡県産１本釣りマグロのツナ,ｼｽﾞｵｶｻﾝ1ﾎﾝﾂﾘﾏｸﾞﾛﾉﾂﾅﾏﾖﾄﾔｻｲ,,0,1,0,,951,ＷＡＩＰＥＲ,
1,1501,150103,4573128560252,ほくほくポテトとツナマヨコーン,ピザレボ　ほくほくポテトとツ,ﾋﾟｻﾞﾚﾎﾞ ﾎｸﾎｸﾎﾟﾃﾄﾄﾂﾅﾏﾖｺ-ﾝ,,0,1,0,,886,ＷＡＩＰＥＲ,
1,1501,150103,4573128560283,ピザ国産釜揚げシラスと桜海老,ピザ国産釜揚げシラスと桜海老,ﾋﾟｻﾞﾚﾎﾞ ｶﾏｱｹﾞｼﾗｽﾄｻｸﾗｴﾋﾞ,,0,1,0,,886,ＷＡＩＰＥＲ,
1,1501,150103,4573128560306,照り焼きチキン～国産鶏使用～,照り焼きチキン～国産鶏使用～,ﾋﾟｻﾞﾚﾎﾞ ﾃﾘﾔｷﾁｷﾝ -ｺｸｻﾝﾄﾞﾘ-,,0,1,0,,886,ＷＡＩＰＥＲ,
1,1501,150103,4573128560313,たっぷりの海老と濃厚マスカルポーネ,たっぷりの海老と濃厚マスカル,,,0,1,0,,950,,
1,1501,150103,4573128560382,焼きとうもろこしピザ　～九州しょうゆ味～,焼きとうもろこしピザ　～九州,ﾔｷﾄｳﾓﾛｺｼﾋﾟｻﾞ -ｷﾕｳｼﾕｳｼﾖｳﾕ-,,0,1,0,,843,ＷＡＩＰＥＲ,
1,1501,150103,4573128560412,贅沢ツナマヨ,贅沢ツナマヨ,,,0,1,0,,886,,
1,1501,150103,4573128560429,雲仙きのことバーコンの和風ピザ,雲仙きのことバーコンの和風ピ,,,0,1,0,,886,,
1,1501,150103,4573128560443,モッツァレラとリコッタのバジルソース,モッツァレラとリコッタのバジ,,,0,1,0,,886,,
1,1501,150103,4573128560511,復活ボロネーゼ,復活ボロネーゼ,,,0,1,0,,886,,
1,1501,150103,4573128560641,ＰＩＺＺＡＲＥＶＯ　海鮮トマトバジル,ＰＩＺＺＡＲＥＶＯ　海鮮トマ,ﾋﾟｻﾞﾚﾎﾞ ｶｲｾﾝﾄﾏﾄﾊﾞｼﾞﾙ,,0,1,0,,898,ＷＡＩＰＥＲ,
1,1501,150103,4573128560719,ピザレヴォ生ベーコンピザ,ピザレヴォ生ベーコンピザ,,,0,1,0,,1058,,
1,1501,150103,4573128560726,超極マルゲリータ,超極マルゲリータ,,,0,1,0,,1080,,
1,1501,150103,4573128560757,レボ　茄子とベーコンのアラビアータ,レボ　茄子とベーコンのアラビ,ﾚﾎﾞ ﾅｽﾄﾍﾞ-ｺﾝﾉｱﾗﾋﾞｱ-ﾀ,,0,1,0,,930,ＷＡＩＰＥＲ,
1,1501,150103,4573128560764,ピザレボ　明太マヨピザ,ピザレボ　明太マヨピザ,,,0,1,0,,930,,
1,1501,150103,4573128560771, レボ国産釜揚げシラスと桜海老,レボ　国産釜揚げシラスと桜海,ｺｸｻﾝｶﾏｱｹﾞｼﾗｽﾄｻｸﾗｴﾋﾞ,２１０ｇ,0,1,0,,930,ＷＡＩＰＥＲ,
1,1501,150103,4573128560825,レボ　復活ボロネーゼピッツァ,レボ　復活ボロネーゼピッツァ,,,0,1,0,,930,,
1,1501,150103,4573128560832,ピザレヴォバジルソース,ピザレヴォバジルソース,,,0,1,0,,930,,0
1,1501,150103,4573128561563,ご馳走ローストチキンピザ,ご馳走ローストチキンピザ,,,0,1,0,,1510,,
1,1501,150101,4573295302068,石垣牛１００％のハンバーグ,石垣牛１００％のハンバーグ,,,0,1,0,,670,,
1,1501,150101,4573295302075,あぐー１００％のハンバーグ,あぐー１００％のハンバーグ,,,0,1,0,,454,,
1,1501,150104,4573324531018,楽 水餃子,楽　水餃子,,,0,1,0,,1242,,
1,1501,150104,4573324531032,楽　焼き餃子（冷凍）,楽　焼き餃子（冷凍）,,,0,1,0,,1080,,
1,1501,150104,4573324531100,蒸し餃子,蒸し餃子,,,0,1,0,,1188,,
1,1501,150104,4573324531827,セロリ入り水餃子,セロリ入り水餃子,,,0,1,0,,1296,,
1,1501,150110,4573324532039,白菜肉包,白菜肉包,,,0,1,0,,972,,0
1,1502,150205,4573324537119,楽　黒酢麺,楽　黒酢麺,,,0,1,0,,1296,,
1,1502,150202,4573324537126,楽　担担麺,楽　担担麺,,,0,1,0,,1296,,
1,1502,150202,4573324537133,楽 海老ワンタン麺,楽 海老ワンタン麺,,,0,1,0,,1450,,
1,1506,150601,4573357395052,島根の甘酒ぜんざい,島根の甘酒ぜんざい,,,0,1,0,,467,,
1,1501,150110,4573357395076,大豆でできた鮭フライ風,大豆でできた鮭フライ風,,,0,1,0,,851,,
1,1501,150101,4573357395939,基本のベジハンバーグ,基本のベジハンバーグ,,,0,1,0,,524,,
1,1501,150110,4573357395946,ころころベジボール,ころころベジボール,,,0,1,0,,1148,,
1,1501,150101,4573357395953,ちいさいベジカツ,ちいさいベジカツ,,,0,1,0,,1103,,
1,1501,150110,4573357395960,あぶりかば焼き,あぶりかば焼き,,,0,1,0,,720,,
1,1501,150101,4580182920014,佃善　じゃが豚　,佃善　じゃが豚　,ﾂｸｾﾞﾝ ｼﾞｬｶﾞﾌﾞﾀ ,,0,1,1095,,1095,佃善,
1,1501,150101,4580225354479,ハハドリキーマカレー,ハハドリキーマカレー,,,0,1,0,,918,,
1,1501,150104,4580324891004,横浜餃子25個入,横浜餃子25個入,,,0,1,0,,773,,
1,1501,150103,4580352520020,窯焼きナポリピッツァマルゲリータ,窯焼きナポリピッツァマルゲリ,,,0,1,0,,810,,
1,1501,150104,4580394551129,花びら餃子,花びら餃子,,,0,1,0,,1296,,
1,1501,150103,4580406151033,極ﾏﾙｹﾞﾘｰﾀ,極ﾏﾙｹﾞﾘｰﾀ,,,0,1,0,,735,,
1,1501,150103,4580406151088,ﾋﾟｻﾞﾚﾎﾞﾎﾞﾛﾈｰｾﾞ,ﾋﾟｻﾞﾚﾎﾞﾎﾞﾛﾈｰｾﾞ,,,0,1,0,,756,,
1,1501,150103,4580406151149,ﾋﾟｻﾞﾚﾎﾞｶﾙﾎﾞﾅｰﾗ,ﾋﾟｻﾞﾚﾎﾞｶﾙﾎﾞﾅｰﾗ,,,0,1,0,,713,,
1,1501,150103,4580406151477,ﾋﾟｻﾞﾚﾎﾞ茄子とﾍﾞｰｺﾝのｱﾗﾋﾞｱｰﾀ,ﾋﾟｻﾞﾚﾎﾞ茄子とﾍﾞｰｺﾝのｱﾗﾋﾞｱｰﾀ,,,0,1,0,,735,,
1,1501,150103,4580406151521,ﾋﾟｻﾞﾚﾎﾞﾓｯﾂｧﾚﾗとﾘｺｯﾀのﾊﾞｼﾞﾙｿ,ﾋﾟｻﾞﾚﾎﾞﾓｯﾂｧﾚﾗとﾘｺｯﾀのﾊﾞｼﾞﾙｿ,,,0,1,0,,756,,
1,1501,150103,4580406151569,ﾋﾟｻﾞﾚﾎﾞ海鮮ﾄﾏﾄﾊﾞｼﾞﾙ,ﾋﾟｻﾞﾚﾎﾞ海鮮ﾄﾏﾄﾊﾞｼﾞﾙ,,,0,1,0,,898,,
1,1501,150103,4580406151897,超極マルゲリータ,超極マルゲリータ,,,0,1,0,,1085,,0
1,1501,150103,4580406152184,ＷＡＩＰＥＲ　ずわい蟹とカマンベール,ＷＡＩＰＥＲ　ずわい蟹とカマ,ﾜｲﾊﾟ- ｽﾞﾜｲｶﾆﾄｶﾏﾝﾍﾞ-ﾙ,,0,1,0,,951,ＷＡＩＰＥＲ,
1,1501,150103,4580406152191,ＷＡＩＰＥＲ　トリュフ香る３種のきのこ,ＷＡＩＰＥＲ　トリュフ香る３,ﾜｲﾊﾟ- ﾄﾘﾕﾌｶｵﾙ3ｼﾕﾉｷﾉｺ,,0,1,0,,843,ＷＡＩＰＥＲ,
1,1501,150103,4580406152238,ＷＡＩＰＥＲピザレボ青森産帆立クラムチャウダー１枚,ＷＡＩＰＥＲピザレボ青森産帆,ﾋﾟｻﾞﾚﾎﾞﾎﾀﾃﾉｸﾗﾑﾁﾔｳﾀﾞ- 1ﾏｲ,１枚,0,1,0,,778,ＷＡＩＰＥＲ,
1,1501,150103,4580406152245,マルゲリータ,マルゲリータ,,,0,1,0,,843,,0
1,1501,150103,4580406152252,海鮮トマトバジル,海鮮トマトバジル,,,0,1,0,,898,,
1,1501,150103,4580406152276,ＰＩＺＺＡＲＥＶＯ　モッツァレラとリコッタのバジル,ＰＩＺＺＡＲＥＶＯ　モッツァ,ﾋﾟｻﾞﾚﾎﾞ ﾓﾂﾂｱﾚﾗﾄﾘｺﾂﾀﾉﾊﾞｼﾞﾙ,,0,1,0,,886,ＷＡＩＰＥＲ,
1,1501,150103,4580406152290,アラビアータ,アラビアータ,,,0,1,0,,735,,
1,1501,150103,4580406152306,ハバネロ激辛ピッツァ,ハバネロ激辛ピッツァ,,,0,1,0,,951,,
1,1501,150103,4580406152313,十勝産ラクレットと鴨肉のボロネーゼ,十勝産ラクレットと鴨肉のボロ,,,0,1,0,,951,,
1,1501,150103,4580406152337,REVOのアメリカーナ,REVOのアメリカーナ,,,0,1,0,,951,,
1,1501,150103,4580406152344,華味鳥マリナーラ,華味鳥マリナーラ,,,0,1,0,,735,,
1,1501,150103,4580406152351,生ベーコンピッツァ,生ベーコンピッツァ,,,0,1,0,,1059,,
1,1501,150103,4580406152368,マシュマロニューヨーカー,マシュマロニューヨーカー,,,0,1,0,,1059,,
1,1501,150103,4580406152375,バッファローチキン,バッファローチキン,,,0,1,0,,998,,
1,1501,150103,4580406152436,菜園ピッツァ静岡産マグロフレーク添え,菜園ピッツァ静岡産マグロフレ,,,0,1,0,,951,ＷＡＩＰＥＲ,0
1,1501,150103,4580406152450,茄子と無えんせきベーコンのアラビアータ,茄子と無えんせきベーコンのア,,,0,1,0,,754,,
1,1501,150103,4580406152481,濃厚海老クリーム,濃厚海老クリーム,,,0,1,0,,951,,
1,1501,150103,4580406153303,黒毛和牛ピザ,黒毛和牛ピザ,,,0,1,0,,1815,,0
1,1501,150103,4580406156069,厳選7種のﾌﾟﾚﾐｱﾑﾁｰｽﾞ,厳選7種のﾌﾟﾚﾐｱﾑﾁｰｽﾞ,,,0,1,0,,951,,
1,1501,150101,4580406157059,九州鶏チキンナゲット,九州鶏チキンナゲット,,,0,1,0,,400,,
1,1501,150110,4580627071608,Ｇ　チキン彩り野菜スープカレー　,Ｇ　チキン彩り野菜スープカレ,G ﾁｷﾝｲﾛﾄﾞﾘﾔｻｲｽｰﾌﾟｶﾚ-,３００ｇ,0,1,1250,,1737,,
1,1501,150110,4580627071615,Ｇ　豚角煮彩り野菜スープカレー,Ｇ　豚角煮彩り野菜スープカレ,G ｶｸﾆｲﾛﾄﾞﾘﾔｻｲｽｰﾌﾟｶﾚ-,３００ｇ,0,1,1250,,1737,,
1,1501,150110,4580627071622,Ｇ　ホタテと彩り野菜スープカレー,Ｇ　ホタテと彩り野菜スープカ,G ﾎﾀﾃｲﾛﾄﾞﾘﾔｻｲｽｰﾌﾟｶﾚ-,３００ｇ,0,1,1250,,1737,,
1,1506,150601,4580735180018,さむげたんふうすうぷ,さむげたんふうすうぷ,,,0,1,0,,648,,
1,1506,150601,4580735180025,豆としょうがのすうぷ,豆としょうがのすうぷ,,,0,1,0,,648,,
1,1506,150601,4580735180100,チーズたっぷりマッシュポテト,チーズたっぷりマッシュポテト,,,0,1,0,,918,,
1,1501,150103,4580735180179,クリスピーピッツァソーセージ,クリスピーピッツァソーセージ,,,0,1,0,,1512,,
1,1503,150304,4580735180254,ガーリックライスご飯の素,ガーリックライスご飯の素,,,0,1,0,,1080,,
1,1501,150103,4580735180322,クリスピーピッツァツナコーン,クリスピーピッツァツナコーン,,,0,1,0,,1404,,
1,1501,150103,4580735180612,クリスピーピッツァ野菜カレー,クリスピーピッツァ野菜カレー,,,0,1,0,,1620,,
1,1506,150601,4580735180759,さつまいものヴィーガンスープ,さつまいものヴィーガンスープ,,,0,1,0,,896,,
1,1506,150601,4580735180872,丹波鶏と銀杏の茶碗蒸し,丹波鶏と銀杏の茶碗蒸し,,,0,1,0,,1458,,
1,1506,150601,4580735180926,白菜さん,白菜さん,,,0,1,0,,972,,
1,1503,150304,4580735180988,しょうがの炊き込みご飯の素,しょうがの炊き込みご飯の素,,,0,1,0,,1404,,
1,1503,150304,4580735180995,ケチャップライスご飯の素,ケチャップライスご飯の素,,,0,1,0,,1404,,
1,1506,150601,4580735181206,かぼちゃとんんじんのすぅぷ,かぼちゃとんんじんのすぅぷ,,,0,1,0,,810,,
1,1503,999999,4580735181213,さつまいものヴィーガンスープ,さつまいものヴィーガンスープ,,,0,1,0,,810,,
1,1506,150601,4580735181244,ゴロゴロしているミネストローネ,ゴロゴロしているミネストロー,,,0,1,0,,810,,
1,1506,150601,4580735181251,豚汁,豚汁,,,0,1,0,,810,,
1,1501,150103,4580735181268,クリスピーピッツァソーセージトマト,クリスピーピッツァソーセージ,,,0,1,0,,1512,,
1,1501,150103,4580735181275,クリスピーピッツァ野菜カレー,クリスピーピッツァ野菜カレー,,,0,1,0,,1620,,
1,1501,150103,4580735181282,クリスピーピッツァﾂﾅコーン,クリスピーピッツァﾂﾅコーン,,,0,1,0,,1404,,
1,1506,150601,4580735181312,白みそのお雑煮の素,白みそのお雑煮の素,,,0,1,0,,864,,
1,1501,150110,4580735181329,白菜さん,白菜さん,,,0,1,0,,972,,
1,1501,150102,4580776977332,生姜香る鯛ご飯,生姜香る鯛ご飯,,,0,1,0,,381,,
1,1501,150102,4580776977370,あさりと新生姜ご飯,あさりと新生姜ご飯,,,0,1,0,,381,,
1,1501,150101,4580776977561,豚角煮と人参炒め,豚角煮と人参炒め,,,0,1,0,,700,,
1,1501,150101,4580776977578,鯛の酒蒸し,鯛の酒蒸し,,,0,1,0,,700,,
1,1501,150101,4580776977585,白身魚の甘酢あんかけ,白身魚の甘酢あんかけ,,,0,1,0,,700,,
1,1501,150103,4582114193206,ｼｰﾌｰﾄﾞｶﾚｰﾄﾞﾘｱ,ｼｰﾌｰﾄﾞｶﾚｰﾄﾞﾘｱ,,,0,1,0,,597,,
1,1506,150601,4582114193213,ﾊﾝﾊﾞｰｸﾞ&ﾅﾎﾟﾘﾀﾝ,ﾊﾝﾊﾞｰｸﾞ&ﾅﾎﾟﾘﾀﾝ,,,0,1,0,,597,,
1,1501,150103,4582114194173,ﾗｲﾌﾒｲﾄかにﾄﾞﾘｱ,ﾗｲﾌﾒｲﾄかにﾄﾞﾘｱ,,,0,1,0,,1008,,
1,1501,150103,4582114195750,海鮮グラタン,海鮮グラタン,ｶｲｾﾝｸﾞﾗﾀﾝ,,0,1,0,,1204,,0
1,1501,150103,4582114195767,チキングラタン,チキングラタン,,,0,1,0,,881,,
1,1501,150103,4582114195774,季節野菜のグラタン,季節野菜のグラタン,ｷｾﾂﾔｻｲﾉｸﾞﾗﾀﾝ,,0,1,0,,948,,
1,1501,150103,4582114195781,エビドリア,エビドリア,ｴﾋﾞﾄﾞﾘｱ,,0,1,0,,822,,
1,1501,150103,4582114195798,カニドリア,カニドリア,,,0,1,0,,1303,,0
1,1501,150103,4582114195804,ビーフドリア,ビーフドリア,ﾋﾞｰﾌﾄﾞﾘｱ,,0,1,0,,1169,,0
1,1501,150103,4582114195811,海鮮ドリア,海鮮ドリア,,,0,1,0,,1329,,
1,1501,150103,4582114195835,シーフードカレードリア,シーフードカレードリア,ｼｰﾌｰﾄﾞｶﾚｰﾄﾞﾘｱ,,0,1,0,,597,,
1,1501,150103,4582114195842,ハンバーグナポリタン,ハンバーグナポリタン,,,0,1,0,,597,,
1,1501,150103,4582114195859,照焼チキンドリア,照焼チキンドリア,ﾃﾘﾔｷﾁｷﾝﾄﾞﾘｱ,,0,1,0,,597,,
1,1501,150103,4582114196160,エビドリア,エビドリア,,,0,1,0,,1213,,0
1,1501,150103,4582114196436,国産キノコのドリア,国産キノコのドリア,,,0,1,0,,702,,
1,1501,150103,4582114196443,国産鶏のグラタン,国産鶏のグラタン,,,0,1,0,,702,,
1,1501,150110,4582162568285,四陸海鮮ワンタン,四陸海鮮ワンタン,,,0,1,0,,1728,,
1,1501,150106,4582162569633,四陸　大海老チリソース,四陸　大海老チリソース,,,0,1,0,,1026,,
1,1501,150106,4582162569640,四陸　海鮮八宝菜,四陸　海鮮八宝菜,,,0,1,0,,918,,
1,1501,150106,4582162569657,鶏とカシューナッツ,鶏とカシューナッツ,,,0,1,0,,627,,
1,1501,150106,4582162569671,四陸　青椒肉絲,四陸　青椒肉絲,,,0,1,0,,627,,
1,1501,150106,4582162569763,四陸　麻婆豆腐,四陸　麻婆豆腐,,,0,1,0,,540,,
1,1501,150106,4582162569862,四陸海老チリソース,四陸海老チリソース,,,0,1,0,,702,,
1,1501,150106,4582162569893,四陸　酢豚,四陸　酢豚,,,0,1,0,,627,,
1,1501,150106,4582162569909,四陸　野菜たっぷり八宝菜,四陸　野菜たっぷり八宝菜,,,0,1,0,,627,,
1,1501,150110,4582199730433,フ　アサイーピューレプレーン,フ　アサイーピューレプレーン,ﾌ ｱｻｲ-ﾋﾟﾕ-ﾚﾌﾟﾚ-ﾝ,１００ｇ×４,0,1,0,,1025,フルッタフルッタ,
1,1503,150302,4582222800836,GOﾌﾞﾙｰﾍﾞﾘｰ,GOﾌﾞﾙｰﾍﾞﾘｰ,,,0,1,0,,558,,
1,1503,150301,4582222801079,国内産ミックスベジタブル,国内産ミックスベジタブル,,,0,1,0,,428,,
1,1501,150101,4582222801277,フレンチポテト,フレンチポテト,,,0,1,0,,346,,
1,1503,150301,4582222801406,TAROさといも,TAROさといも,ﾀﾛｻﾄｲﾓ,,0,1,0,,497,,
1,1501,150110,4582479290015,BOXグリーンカレーとジャスミンライス,BOXグリーンカレーとジャスミ,,,0,1,0,,756,,
1,1501,150110,4582479290022,BOXガパオライス,BOXガパオライス,,,0,1,0,,756,,
1,1501,150110,4582479290039,BOXタイの焼きそばパッタイ,BOXタイの焼きそばパッタイ,,,0,1,0,,638,,
1,1501,150110,4582479290046,BOXタイの鶏ごはんカオマンガイ,BOXタイの鶏ごはんカオマンガ,,,0,1,0,,756,,0
1,1501,150110,4582479290053,本格マッサマンカレーとジャスミンライス,本格マッサマンカレーとジャス,,,0,1,0,,756,,
1,1502,150205,4582479290510,カオソーイ,カオソーイ,,,0,1,0,,832,,
1,1502,150205,4582479290534,トムヤムラーメン,トムヤムラーメン,,,0,1,0,,864,,
1,1502,150205,4582479290541,フォーチキン,フォーチキン,,,0,1,0,,864,,
1,1502,150205,4582479290565,ラクサ,ラクサ,,,0,1,0,,832,,
1,1501,150110,4582479291012,グリーンカレーとジャスミンライス,グリーンカレーとジャスミンラ,,,0,1,0,,200,,
1,1501,150110,4582479291029,ガパオライス,ガパオライス,,,0,1,0,,200,,
1,1501,150110,4582479291036,タイの焼きそばパッタイ,タイの焼きそばパッタイ,,,0,1,0,,594,,
1,1501,150110,4582479291043,タイの鶏ごはん・カオマンガイ,タイの鶏ごはん・カオマンガイ,,,0,1,0,,200,,
1,1501,150110,4582479291050,野菜のトムヤムスープ,野菜のトムヤムスープ,,,0,1,0,,594,,0
1,1501,150110,4582479291067,マッサマンカレー,マッサマンカレー,,,0,1,0,,594,,0
1,1506,150601,4582479291111,ﾀｲｷｯﾁﾝﾊﾟｸﾁｰｸﾞﾘｰﾝｶﾚｰ,ﾀｲｷｯﾁﾝﾊﾟｸﾁｰｸﾞﾘｰﾝｶﾚｰ,,,0,1,0,,583,,
1,1501,150110,4582479291517,グリーンカレー,グリーンカレー,,,0,1,0,,594,,0
1,1506,150601,4582479292118,ﾀｲｷｯﾁﾝﾊﾟｸﾁｰｶﾞﾊﾟｵｶﾞｲ,ﾀｲｷｯﾁﾝﾊﾟｸﾁｰｶﾞﾊﾟｵｶﾞｲ,,,0,1,0,,594,,0
1,1506,150601,4582479295126,ﾀｲｷｯﾁﾝﾊﾟｸﾁｰﾄﾑﾔﾑｸﾝ,ﾀｲｷｯﾁﾝﾊﾟｸﾁｰﾄﾑﾔﾑｸﾝ,,,0,1,0,,648,,
1,1501,150101,4582571905053,冷凍豚角煮,冷凍豚角煮,,,0,1,0,,972,,
1,1501,999999,4582571905077,佐知ズ　スペアリブ,佐知ズ　惣菜,,,0,1,0,,1059,,
1,1501,999999,4582571905213,佐知ズ　鶏のトマトクリーム煮,佐知ズ　惣菜,,,0,1,0,,692,,
1,1501,999999,4582571905275,佐知ズ　カレー,佐知ズ　カレー,,,0,1,0,,692,,
1,1501,150101,4582571905329,燻製塩こうじ豚,燻製塩こうじ豚,,,0,1,0,,1145,,
1,1501,999999,4582571905671,佐知ズ　まるごと牛蒡,佐知ズ　スープ,,,0,1,0,,584,,
1,1501,999999,4582571905695,佐知ズ　ミネストローネ,佐知ズ　スープ,,,0,1,0,,584,,
1,1501,999999,4582571905732,佐知ズ南瓜と,佐知ズ　スープ,,,0,1,0,,584,,
1,1501,150110,4582713979812,インド亭ナン,インド亭ナン,,,0,1,0,,540,,
1,1501,150110,4582713979867,インド亭マサラカレー,インド亭マサラカレー,,,0,1,0,,540,,
1,1501,150110,4582713979874,インド亭カレー,インド亭カレー,,,0,1,0,,540,,
1,1506,150601,4589833510543,ベラミーズパイシート,ベラミーズパイシート,,,0,1,0,,830,,0
1,1502,150204,4589961266275,状　上海炒麺（焼きそば）,状　上海炒麺（焼きそば）,,,0,1,0,,864,,
1,1501,150102,4589961266282,黒醤油チャーハン,黒醤油チャーハン,,,0,1,0,,864,,
1,1501,150101,4595058272005,かまど舎 合鴨ロース,かまど舎　合鴨ロース,,,0,1,0,,2970,,
1,1502,150202,4595058272029,鴨南蛮そば,鴨南蛮そば,,,0,1,0,,1944,,
1,1502,150202,4595058272036,きつねそば,きつねそば,,,0,1,0,,1296,,
1,1502,150205,4595058272043,にしんそば,にしんそば,,,0,1,0,,1728,,
1,1501,150104,4595120182188,そば屋の出汁ぎょうざ,そば屋の出汁ぎょうざ,,,0,1,0,,1180,,
1,1501,150105,4595122525037,K 豚クワイ焼売,K 豚クワイ焼売,,,0,1,0,,2160,,
1,1501,150101,4595643270058,ココナッツカレーらー麺,ココナッツカレーらー麺,,,0,1,0,,1058,,
1,1501,150101,4595643270065,ココナッツカレー,ココナッツカレー,,,0,1,0,,880,,
1,1501,150101,4595643270072,ココナッツ土佐鰹カレー,ココナッツ土佐鰹カレー,,,0,1,0,,880,,
1,1501,150103,4595644937011,塩屋町のマルゲリータ,塩屋町のマルゲリータ,,,0,1,0,,980,,
1,1501,150103,4595644937035,クワトロフォルマッジ,クワトロフォルマッジ,,,0,1,0,,1080,,
1,1501,150103,4595644937042,ボロネーゼ,ボロネーゼ,,,0,1,0,,1080,,
1,1501,150103,4595644937066,アキラッチ　ラザニア,アキラッチ　ラザニア,,,0,1,0,,850,,
1,1501,150103,4595644937332,しらすのマリナーラ,しらすのマリナーラ,,,0,1,0,,1080,,
1,1501,150103,4595644937349,天然真ダコのピザ,天然真ダコのピザ,,,0,1,0,,1280,,
1,1501,150103,4595644937356,季節野菜の山菜ピザ,季節野菜の山菜ピザ,,,0,1,0,,1180,,
1,1501,150103,4595644937363,ボロネーゼ,ボロネーゼ,,,0,1,0,,1080,,
1,1506,150601,4595644937387,カルツォーネ　マルゲリータ,カルツォーネ　マルゲリータ,,,0,1,0,,650,,0
1,1506,150601,4595644937394,カルツォーネクワトロ,カルツォーネクワトロ,,,0,1,0,,650,,0
1,1506,150601,4595644937417,カルツォーネ　鶏ラグーときのこ,カルツォーネ　鶏ラグーときの,,,0,1,0,,650,,0
1,1506,999999,4595644937424,カルツォーネ　サーモンとほうれん草,カルツォーネ　サーモンとほう,,,0,1,0,,650,,0
1,1501,150103,4595644937578,サーモンとほうれん草のピザ,サーモンとほうれん草のピザ,,,0,1,0,,1080,,
1,1501,150103,4595644937585,照り焼き丹波鶏ピザ,照り焼き丹波鶏ピザ,,,0,1,0,,1080,,
1,1501,150103,4595644937592,トリプルマルゲリータ,トリプルマルゲリータ,,,0,1,0,,1080,,
1,1501,150103,4595644937608,マルゲリータとクワトロハーフ,マルゲリータとクワトロハーフ,,,0,1,0,,1080,,
1,1501,150103,4595644937615,粗挽ソーセージとフリアリエッリ,粗挽ソーセージとフリアリエッ,,,0,1,0,,1080,,
1,1501,150110,4901562370388,黒豆枝豆,黒豆枝豆,ｸﾛﾏﾒｴﾀﾞﾏﾒ,,0,1,0,,324,,
1,1501,150110,4903116064354,鰹節香る老舗のちまき,鰹節香る老舗のちまき,,,0,1,0,,1836,,
1,1501,150101,4903788073470,さんわ　香草美水鶏　塩麹唐揚げ　４００ｇ,さんわ　香草美水鶏　塩麹唐揚,ｺｳｿｳﾒｲｽｲﾄﾞﾘｼｵｺｳｼﾞｶﾗｱｹﾞ400,４００ｇ,0,1,980,,1067,さんわコーポレーション,
1,1501,150101,4903788074477,さんわ名古屋コーチン入りつくね,さんわ名古屋コーチン入りつく,ｻﾝﾜｼﾞﾕﾝｹｲﾅｺﾞﾔｺ-ﾁﾝｲﾘﾂｸﾈ400,４００ｇ,0,1,0,,691,さんわコーポレーション,
1,1501,150106,4905919211522,ﾚﾝｼﾞ対応ﾋﾟｻﾞまん,ﾚﾝｼﾞ対応ﾋﾟｻﾞまん,,,0,1,0,,130,,0
1,1501,150105,4907047550122,焼売ﾖｺﾊﾏﾀﾞｲﾊﾝﾃﾝ,焼売ﾖｺﾊﾏﾀﾞｲﾊﾝﾃﾝ,,,0,1,0,,951,,
1,1501,150104,4907047550344,えび蒸し餃子,えび蒸し餃子,,,0,1,0,,648,,
1,1501,150101,4933932291122,宮崎黒毛和牛ハンバーグ,宮崎黒毛和牛ハンバーグ,ﾐﾔｻﾞｷｸﾛｹﾞﾜｷﾞｭｳﾊﾝﾊﾞｰｸﾞ,,0,1,0,,646,,
1,1501,150101,4933932291153,マキシマムハンバーグ,マキシマムハンバーグ,ﾏｷｼﾏﾑﾊﾝﾊﾞｰｸﾞ,,0,1,0,,689,,
1,1501,150105,4935480012044,干し貝柱焼売,干し貝柱焼売,ﾎｼｶｲﾊﾞｼﾗｼｭｳﾏｲ,,0,1,0,,951,,0
1,1501,150105,4935480012143,干し貝柱入り焼売,干し貝柱入り焼売,,,0,1,0,,864,,
1,1501,150105,4935480012167,ﾍｲﾁﾝﾛｳ干貝柱入焼売,ﾍｲﾁﾝﾛｳ干貝柱入焼売,,,0,1,0,,778,,
1,1501,150106,4935480015212,聘珍茶寮春巻,聘珍茶寮春巻,,,0,1,0,,832,,
1,1501,150105,4935480015908,シウマイ,シウマイ,,,0,1,0,,746,,0
1,1501,150104,4935480015946,焼きぎょうざ,焼きぎょうざ,,,0,1,0,,778,,
1,1502,150201,4938287400014,うす家　讃岐小豆島手延うどん　２２０ｇ×３,うす家　讃岐小豆島手延うどん,ｻﾇｷｼﾖｳﾄﾞｼﾏﾃﾉﾍﾞｳﾄﾞﾝ 220GX3,２２０ｇ×３,0,1,0,,622,うす家,
1,1502,150202,4938287700046,牛肉うどん,牛肉うどん,,,0,1,0,,921,,
1,1502,150202,4938287700053,カレ－うどん,カレ－うどん,,,0,1,0,,921,,
1,1502,150202,4938287700190,うす家　天ぷらそば,うす家　天ぷらそば,ｳｽﾔ ﾃﾝﾌﾟﾗｿﾊﾞ ,５６０ｇ×２,0,1,0,,990,うす家,
1,1502,150202,4938287700206,うす家　鴨南蛮そば,うす家　鴨南蛮そば　,ｳｽﾔ ｶﾓﾅﾝﾊﾞﾝｿﾊﾞ,５００ｇ×２,0,1,780,,990,うす家,
1,1502,150202,4938287700404,子きつねうどん,子きつねうどん,,,0,1,0,,921,,
1,1501,150101,4941387024202,百年洋食ハンバーグ,百年洋食ハンバーグ,,,0,1,0,,600,,
1,1501,150106,4952232603145,耀盛號　ふかひれ丼　１個,耀盛號　ふかひれ丼　１個,ﾖｳｾｲｺﾞｳ ﾌｶﾋﾚﾄﾞﾝ 1ｺ,１個,0,1,0,,648,耀盛號,
1,1501,150106,4952232604159,耀盛號　福福　中華丼の具　１８０ｇ×２,耀盛號　福福　中華丼の具　１,ﾌｰﾌｰﾁﾕｳｶﾄﾞﾝﾉｸﾞ 180gX2,１８０ｇ×２,0,1,0,,616,耀盛號,
1,1502,150201,4952388020940,さぬきうどん5玉,さぬきうどん5玉,,,0,1,0,,540,,
1,1501,150108,4955131220307,三田屋　牛肉コロッケ　２８０ｇ,三田屋　牛肉コロッケ　２８０,ｻﾝﾀﾞﾔ ｷﾞﾕｳﾆｸｺﾛﾂｹ 280G,２８０ｇ,0,1,0,,562,三田屋,
1,1501,150108,4955131237268,三田屋　和風ミンチカツ　６０ｇ×４個,三田屋　和風ミンチカツ　６０,ﾐﾀﾔ ﾜﾌｳﾐﾝﾁｶﾂ 60GX4ｺ,６０ｇ×４個,0,1,0,,621,三田屋,
1,1501,150101,4955131238081,三田　チーズinハンバーグ,三田　チーズinハンバーグ,,,0,1,0,,1270,,
1,1501,150110,4955131238692,ビーフカレー,ビーフカレー,,,0,1,0,,702,,
1,1506,150601,4955131600062,三田屋ﾊﾝﾊﾞｰｸﾞ,三田屋ﾊﾝﾊﾞｰｸﾞ,,,0,1,0,,1026,,0
1,1506,150601,4955131609423,三田屋ｶﾚｰ,三田屋ｶﾚｰ,,,0,1,0,,702,,0
1,1501,150101,4955610901017,唐揚げ,唐揚げ,,,0,1,0,,1512,,
1,1501,150101,4955610901154,焼き鮭,焼き鮭,,,0,1,0,,1620,,
1,1501,150101,4955610901161,さばの塩焼き,さばの塩焼き,,,0,1,0,,777,,
1,1503,150301,4958325101017,ｵｰｶﾞﾆｯｸﾐｯｸｽﾍﾞｼﾞﾀﾌﾞﾙ,ｵｰｶﾞﾆｯｸﾐｯｸｽﾍﾞｼﾞﾀﾌﾞﾙ,,,0,1,0,,400,,0
1,1503,150301,4958325101055,ﾌﾚﾝﾁﾌﾗｲﾎﾟﾃﾄ,ﾌﾚﾝﾁﾌﾗｲﾎﾟﾃﾄ,ﾌﾚﾝﾁﾌﾗｲﾎﾟﾃﾄ,,0,1,0,,497,,0
1,1501,150101,4958446400020,秋川　こだわりからあげ　,秋川　こだわりのからあげ,ｱｷｶﾜ ｺﾀﾞﾜﾘﾉｶﾗｱｹﾞ,１５０ｇ,0,1,400,,570,秋川牧園,
1,1501,150101,4958446400068,秋 チキンナゲット　２００ｇ,秋 チキンナゲット　２００ｇ,,２００ｇ,0,1,498,,577,秋川牧園,
1,1501,150101,4958446404387,秋川　甘酢のやわらかチキン南蛮,秋川　甘酢のやわらかチキン南,ｱｷｶﾜﾎﾞｸｴﾝｱﾏｽﾉﾁｷﾝﾅﾝﾊﾞﾝ,１５０ｇ,0,1,0,,483,秋川牧園,
1,1501,150101,4958446404974,フライドチキン,フライドチキン,,,0,1,0,,1080,,
1,1501,150101,4958446405155,秋 チキンカツ　１５０ｇ,秋 チキンカツ　１５０ｇ,,１５０ｇ,0,1,0,,577,秋川牧園,
1,1501,150101,4958446406145,秋 ミートボール　１００ｇ,秋 ミートボール　１００ｇ,,１００ｇ,0,1,0,,272,秋川牧園,
1,1501,150101,4958446406251,秋川　やきとりセット,秋川　やきとりセット,ｱｷｶﾜ ﾔｷﾄﾘｾﾂﾄ 180G,１８０ｇ,0,1,0,,873,秋川牧園,
1,1501,150104,4958446500690,秋川 とり餃子,秋川 とり餃子　,ｱｷｶﾜ ﾄﾘｷﾞﾖｳｻﾞ 15ｺ,１５個,0,1,0,,484,秋川牧園,
1,1501,150106,4958446500720,秋川　とり肉まん,秋川　とり肉まん　,ｱｷｶﾜ ﾄﾘﾆｸﾏﾝ ,４００ｇ,0,1,0,,728,秋川牧園,
1,1501,150105,4958446500751,秋川　とり焼売,秋川　とり焼売,,,0,1,0,,488,,
1,1501,150102,4958446700175,秋川　チキンライス,秋川　チキンライス　,ｱｷｶﾜ ﾁｷﾝﾗｲｽ ,４５０ｇ,0,1,0,,627,秋川牧園,
1,1501,150110,4958970122009,肉包子,肉包子,,,0,1,0,,324,,
1,1501,150110,4958970122016,叉焼包,叉焼包,,,0,1,0,,346,,
1,1502,150202,4958970122030,蘇州林ちゃんぽん,チャンポン,,,0,1,0,,881,,
1,1502,150202,4958970122061,蘇州林皿うどん,皿うどん,,,0,1,0,,881,,
1,1501,150110,4958970122078,角煮割包,角煮割包,,,0,1,0,,368,,
1,1501,150110,4958970122092,肉包子,肉包子,,,0,1,0,,324,,
1,1501,150110,4962217030026,冷凍ワッフル,ハッコー　焼成ワッフル　ブリ,ｼｮｳｾｲﾜｯﾌﾙ ﾌﾞﾘｭｯｾﾙ 6ｺ,,0,1,0,,1095,ハッコー食品,
1,1503,150302,4963467001811,G7 ラズベリー,G7 ラズベリー, ,,0,1,0,,886,,
1,1501,150103,4963467003174,CF　ﾊﾟｴﾘｱ,CF　ﾊﾟｴﾘｱ,,,0,1,0,,951,,
1,1501,150103,4963467003198,CF　ﾗｻﾞﾆｱ,CF　ﾗｻﾞﾆｱ,,,0,1,0,,627,,
1,1503,150302,4963467005437,G7 冷凍ブルーベリー,G7 冷凍ブルーベリー,,,0,1,0,,594,,
1,1501,150108,4963467005987,コーンクリームコロッケ,コーンクリームコロッケ,ｺｰﾝｸﾘｰﾑｺﾛｯｹ,,0,1,0,,497,,
1,1501,150108,4963467005994,CF　ｶﾆｸﾘｰﾑｺﾛｯｹ,CF　ｶﾆｸﾘｰﾑｺﾛｯｹ,,,0,1,0,,497,,
1,1503,150302,4963467006281,マンゴー冷凍,マンゴー冷凍,,,0,1,0,,454,,
1,1501,150102,4963467007103,漁師のごちそうパエリア,漁師のごちそうパエリア,,,0,1,0,,1491,,
1,1501,150102,4963467007165,焼おにぎり,焼おにぎり,,,0,1,0,,540,,
1,1501,150110,4963467007363,G7焼きおにぎり,G7焼きおにぎり,,,0,1,0,,745,,
1,1501,150108,4963467007417,カニクリームコロッケ,カニクリームコロッケ,,,0,1,0,,540,,0
1,1501,150103,4970208012012,帝国ホテル　エビのマカロニグラタン　２００ｇ,帝国ホテル　エビのマカロニグ,ﾃｲｺｸH ｴﾋﾞﾉﾏｶﾛﾆｸﾞﾗﾀﾝ 200G,２００ｇ,0,1,500,,780,インペリアル・キッチン,
1,1501,150110,4972905648204,きむらや　味付アカモク　醤油味　４０ｇ×３Ｐ,きむらや　味付アカモク　醤油,ｷﾑﾗﾔ ｱｼﾞﾂｹｱｶﾓｸｼﾖｳﾕ 40GX3P,４０ｇ×３Ｐ,0,1,0,,398,海産物のきむらや,
1,1501,150107,4977024086548,京都ぽーく玉,京都ぽーく玉,,,0,1,0,,616,,
1,1501,150106,4978948106602,四　黄金比率餃子10個入り,四　黄金比率餃子10個入り,,,0,1,0,,724,,
1,1501,150103,4979515820891,海老とチーズのｸﾞﾗﾀﾝ,海老とチーズのｸﾞﾗﾀﾝ,,,0,1,0,,346,,
1,1501,150103,4979515820907,ﾎﾟﾃﾄ＆ﾍﾞｰｺﾝｸﾞﾗﾀﾝ,ﾎﾟﾃﾄ＆ﾍﾞｰｺﾝｸﾞﾗﾀﾝ,,,0,1,0,,346,,
1,1501,150103,4979515820914,七種のチーズｸﾞﾗﾀﾝ,七種のチーズｸﾞﾗﾀﾝ,,,0,1,0,,346,,
1,1501,150103,4979515821591,ＦＤＧ海老とチーズのグラタン　２００ｇ,ＦＤＧ海老とチーズのグラタン,FDGｴﾋﾞﾄﾁ-ｽﾞﾉｸﾞﾗﾀﾝ 200G,２００ｇ,0,1,0,,368,ニチロサンフーズ,
1,1501,150103,4979515821607,ＦＤＧ　ポテト＆ベーコングラタン１９　２００ｇ,ＦＤＧ　ポテト＆ベーコングラ,FDGﾎﾟﾃﾄ&ﾍﾞ-ｺﾝｸﾞﾗﾀﾝ19 200G,２００ｇ,0,1,0,,368,ニチロサンフーズ,
1,1501,150103,4979515821614,ＦＤＧ　７種のチーズのグラタン１９　２００ｇ,ＦＤＧ　７種のチーズのグラタ,FDG 7ｼﾕﾉﾁ-ｽﾞﾉｸﾞﾗﾀﾝ19 200G,２００ｇ,0,1,0,,368,ニチロサンフーズ,
1,1501,150103,4979515822376,ＦＤＧ海老とチーズのグラタン　２００ｇ,ＦＤＧ海老とチーズのグラタン,FDGｴﾋﾞﾄﾁ-ｽﾞﾉｸﾞﾗﾀﾝ 200G,２００ｇ,0,1,0,,368,ニチロサンフーズ,
1,1501,150103,4979515822383,ＦＤＧ７種のチーズのグラタン　２００ｇ,ＦＤＧ７種のチーズのグラタン,FDG7ｼﾕﾉﾁ-ｽﾞﾉｸﾞﾗﾀﾝ 200G,２００ｇ,0,1,0,,368,ニチロサンフーズ,
1,1501,150103,4979515822390,ＦＤＧポテト＆ベーコングラタン　２００ｇ,ＦＤＧポテト＆ベーコングラタ,FDGﾎﾟﾃﾄ&ﾍﾞ-ｺﾝｸﾞﾗﾀﾝ 200G,２００ｇ,0,1,0,,368,ニチロサンフーズ,
1,1501,150103,4979515823571,海老とチーズのグラタン,海老とチーズのグラタン,FDGｴﾋﾞﾄﾁ-ｽﾞﾉｸﾞﾗﾀﾝ 200G,２００ｇ,0,1,0,,432,ニチロサンフーズ,0
1,1501,150103,4979515823588,ヤヨイサンフーズ　７種のチーズのグラタン　２００ｇ,ヤヨイサンフーズ　７種のチー,7ｼﾕﾉﾁ-ｽﾞﾉｸﾞﾗﾀﾝ 200G,２００ｇ,0,1,0,,432,ニチロサンフーズ,0
1,1501,150103,4979515823595,ヤヨイサンフーズ　ポテト＆ベーコングラタン２００ｇ,ヤヨイサンフーズ　ポテト＆ベ,ﾎﾟﾃﾄ&ﾍﾞ-ｺﾝｸﾞﾗﾀﾝ 200G,２００ｇ,0,1,0,,432,ニチロサンフーズ,0
1,1501,150103,4979515824318,海老とチーズのグラタン２００ｇ,ヤヨイサンフーズＤＧ海老とチ,DGｴﾋﾞﾄﾁ-ｽﾞﾉｸﾞﾗﾀﾝ 200G,２００ｇ,0,1,0,,432,ニチロサンフーズ,
1,1501,150103,4979515824325,７種のチーズのグラタン２００ｇ,ヤヨイサンフーズＤＧ７種のチ,DG7ｼﾕﾉﾁ-ｽﾞﾉｸﾞﾗﾀﾝ 200G,２００ｇ,0,1,0,,432,ニチロサンフーズ,
1,1501,150103,4979515824332,ポテト＆ベーコングラタン２００,ヤヨイサンフーズＤＧポテト＆,DGﾎﾟﾃﾄ&ﾍﾞ-ｺﾝｸﾞﾗﾀﾝ 200G,２００ｇ,0,1,0,,432,ニチロサンフーズ,
1,1501,150103,4979515825162,ＦＤＧ　海老とチーズのグラタン　２００ｇ,ＦＤＧ　海老とチーズのグラタ,FDG ｴﾋﾞﾄﾁ-ｽﾞﾉｸﾞﾗﾀﾝ 200G,２００ｇ,0,1,0,,432,ニチロサンフーズ,
1,1501,150103,4979515825179,７種のチーズのグラタン　２００ｇ,ＦＤＧ　７種のチーズのグラタ,FDG 7ｼﾕﾉﾁ-ｽﾞﾉｸﾞﾗﾀﾝ 200G,２００ｇ,0,1,0,,450,ニチロサンフーズ,
1,1501,150103,4979515825186,ＦＤＧ　ポテト＆ベーコングラタン　２００ｇ,ＦＤＧ　ポテト＆ベーコングラ,FDG ﾎﾟﾃﾄ&ﾍﾞ-ｺﾝｸﾞﾗﾀﾝ 200G,２００ｇ,0,1,0,,432,ニチロサンフーズ,
1,1501,150103,4979515825339,ＦＤＧ　ポテト＆ベーコングラタン　,ＦＤＧ　ポテト＆ベーコングラ,FDG ﾎﾟﾃﾄ&ﾍﾞ-ｺﾝｸﾞﾗﾀﾝ 200G,２００ｇ,0,1,0,,450,ニチロサンフーズ,
1,1501,150103,4979515826466,海老とチーズのグラタン,海老とチーズのグラタン,ｴﾋﾞﾄﾁ-ｽﾞﾉｸﾞﾗﾀﾝ,２００ｇ,0,1,0,,450,ニチロサンフーズ,
1,1501,150103,4979515826473,７種のチーズのグラタン,７種のチーズのグラタン,7ｼﾕﾉﾁ-ｽﾞﾉｸﾞﾗﾀﾝ,２００ｇ,0,1,0,,450,ニチロサンフーズ,
1,1501,150103,4979515826480,ポテト＆ベーコングラタン,ポテト＆ベーコングラタン,ﾎﾟﾃﾄ&ﾍﾞ-ｺﾝｸﾞﾗﾀﾝ,２００ｇ,0,1,0,,450,ニチロサンフーズ,
1,1502,150203,4979515852915,ｽﾊﾟｹﾞｯﾃｨﾅﾎﾟﾘﾀﾝ,ｽﾊﾟｹﾞｯﾃｨﾅﾎﾟﾘﾀﾝ,,,0,1,0,,350,,
1,1502,150203,4979515852922,Olivetoミートソース,Olivetoミートソース,,,0,1,0,,350,,
1,1502,150203,4979515852946,Olivetoﾍﾟﾍﾟﾛﾝﾁｰﾉ,Olivetoﾍﾟﾍﾟﾛﾝﾁｰﾉ,,,0,1,0,,350,,
1,1502,150203,4979515853080,Oliveto明太子ｿｰｽﾊﾟｽﾀ,Oliveto明太子ｿｰｽﾊﾟｽﾀ,,,0,1,0,,350,,
1,1501,150110,4979515853325,Ｏｌｉｖｅｔｏ　スパゲティ・ペペロンチーノ２８０ｇ,Ｏｌｉｖｅｔｏ　スパゲティ・,ｵﾘｳﾞｴ-ﾄ ｽﾊﾟ･ﾍﾟﾍﾟﾛﾝﾁ-ﾉ280G,２８０ｇ,0,1,0,,548,ニチロサンフーズ,0
1,1501,150110,4979515853332,Ｏｌｉｖｅｔｏ　スパゲティ・ナポリタン　３００ｇ,Ｏｌｉｖｅｔｏ　スパゲティ・,ｵﾘｳﾞｴ-ﾄ ｽﾊﾟ･ﾅﾎﾟﾘﾀﾝ 300G,３００ｇ,0,1,0,,415,ニチロサンフーズ,0
1,1501,150101,4979515853349,Ｏｌｉｖｅｔｏ　スパゲティ・ミートソース　３００ｇ,Ｏｌｉｖｅｔｏ　スパゲティ・,ｵﾘｳﾞｴ-ﾄ ｽﾊﾟ･ﾐ-ﾄｿ-ｽ 300G,３００ｇ,0,1,0,,548,ニチロサンフーズ,0
1,1501,150110,4979515853356,Ｏｌｉｖｅｔｏ　スパゲティ・カルボナーラ　３００ｇ,Ｏｌｉｖｅｔｏ　スパゲティ・,ｵﾘｳﾞｴ-ﾄ ｽﾊﾟ･ｶﾙﾎﾞﾅ-ﾗ 300G,３００ｇ,0,1,350,,518,ニチロサンフーズ,
1,1501,150110,4979515853363,Ｏｌｉｖｅｔｏ　スパゲティ・明太子ソース　２８０ｇ,Ｏｌｉｖｅｔｏ　スパゲティ・,ｵﾘｳﾞｴ-ﾄ ｽﾊﾟ･ﾒﾝﾀｲｺｿ-ｽ 300G,２８０ｇ,0,1,0,,548,ニチロサンフーズ,
1,1501,150101,4979515853479,Ｏｌｉｖｅｔｏナポリタン　,Ｏｌｉｖｅｔoナポリタン　,ｵﾘｳﾞｴ-ﾄ ｽﾊﾟ･ﾅﾎﾟﾘﾀﾝ 300G,３００ｇ,0,1,0,,607,ニチロサンフーズ,
1,1502,150203,4979515853493,Ｏｌｉｖｅｔｏペペロンチーノ,Ｏｌｉｖｅｔｏペペロンチーノ,ｵﾘｳﾞｴ-ﾄ ﾍﾟﾍﾟﾛﾝﾁ-ﾉ,２７０ｇ,0,1,0,,607,ニチロサンフーズ,
1,1502,150203,4979515853509,オリ　スパ　ミートソース２８０ｇ,オリ　スパ　ミートソース２８,ｵﾘ ｽﾊﾟﾐ-ﾄｿ-ｽ 280G,２８０ｇ,0,1,0,,607,ニチロサンフーズ,
1,1502,150203,4979515853516,Ｏｌｉｖｅｔｏカルボナーラ,Ｏｌｉｖｅｔｏカルボナーラ,ｵﾘｳﾞｴ-ﾄｶﾙﾎﾞﾅ-ﾗ,２８０ｇ,0,1,0,,607,ニチロサンフーズ,
1,1502,150203,4979515853523,Ｏｌｉｖｅｔｏ　スパゲティ・明太子ソース　２８０ｇ,Ｏｌｉｖｅｔｏ　スパゲティ・,ｵﾘｳﾞｴ-ﾄ ｽﾊﾟｹﾞﾃｲ･ﾒﾝﾀｲｺ280G,２８０ｇ,0,1,0,,607,ニチロサンフーズ,
1,1502,150203,4979515853547,Ｏｌｉｖｅｔｏ　スパゲティ・ナポリタン　２８０ｇ,Ｏｌｉｖｅｔｏ　スパゲティ・,ｵﾘｳﾞｴ-ﾄ ｽﾊﾟｹﾞﾃｲ･ﾅﾎﾟﾘﾀﾝ280,２８０ｇ,0,1,0,,607,ニチロサンフーズ,
1,1502,150203,4979515855213,Olivetoｶﾙﾎﾞﾅｰﾗ,Olivetoｶﾙﾎﾞﾅｰﾗ,,,0,1,0,,350,,
1,1501,150103,4984131003634,甘エビドリア,甘エビドリア,,,0,1,0,,670,,0
1,1501,150103,4984131003641,かきドリア,かきドリア,,,0,1,0,,670,,0
1,1501,150103,4984131104904,海鮮焼カレー,海鮮焼カレー,,,0,1,0,,422,,
1,1501,150103,4984131116501,海鮮グラタンえび,海鮮グラタンえび,,,0,1,0,,411,,
1,1501,150103,4984131116600,海鮮グラタンかに,海鮮グラタンかに,,,0,1,0,,411,,
1,1501,150101,4988279007530,カラミノ　ビビンバ,カラミノ　ビビンバ,,,0,1,0,,498,,
1,1501,150101,4988279007615,チーズダッカルビ,チーズダッカルビ,,,0,1,0,,698,,
1,1501,150102,4988279007660,カラミノ　牛肉入りキンパ,カラミノ　牛肉入りキンパ,,,0,1,0,,1059,,